User2,User1,User3
3.014517,3.1155195,1.4086776
1.2062185,0.43250602,6.7563405
7.2394953,5.1305513,2.8516445
344.36172,439.71353,2.137752
6.470741,3.9688728,4.247933
321.0296,4.033292,2.3176756
7.119332,4.253903,5.6590757
2.7835789,6.126128,1.8537325
343.03497,0.59910756,4.002428
2.5955138,6.984828,3.074095
4.5433025,5.3302016,4.8301873
2.3611908,374.98267,4.5013394
10.573366,1.6888514,5.4362726
7.529068,2.7434096,5.6312165
1.9814365,6.110261,3.683798
5.655247,2.9105775,5.7131276
6.28067,3.1555622,5.943715
6.447222,5.3757358,1.8494155
3.0538523,2.6536934,3.8851693
1.0133702,1.7300109,4.595875
3.7064831,3.1677845,3.6115038
1.1922414,1.3558509,2.53089
1.3893452,7.328947,1.7429918
8.203088,0.81576043,3.8130596
2.5941732,1.0136749,3.2091956
3.9565668,1.8765416,6.019361
2.5212374,7.845176,2.7097797
0.7872425,2.5865462,3.1438596
6.9307203,6.960659,4.6306863
3.0333223,2.1812515,3.8458502
4.566861,1.4399803,4.85063
9.686497,2.9574912,3.3163776
0.60436654,3.4651198,9.254115
9.531094,3.8053901,2.7618508
4.790584,3.8287735,5.226201
2.8283815,3.5263479,4.516038
2.105863,2.4645374,4.0218906
282.4553,3.0711176,4.5953765
3.0690298,1.6715662,6.371151
0.75264245,0.8853915,5.1891365
7.227745,3.9887636,3.6570451
7.2160316,2.0741823,5.388005
1.7390289,3.4896533,5.9297023
4.657937,2.208594,2.9331672
7.098872,2.9181132,4.4510174
1.5038264,4.1767464,4.0827947
3.7639954,5.169413,3.7732866
1.1145647,6.095475,3.9889293
3.0665777,2.3372018,4.7150884
1.9405941,5.351202,3.9694293
4.525106,3.337687,4.806929
8.014418,1.4430476,3.743694
3.7752879,0.8621291,3.7483969
0.44847766,1.8763583,5.4156957
2.0789685,0.8374745,3.1864533
3.832355,3.0013244,4.337057
1.3974042,1.0988193,1.5320544
0.8785004,1.9138801,6.896978
2.3995624,0.65238357,2.7676303
3.5715587,5.295475,3.9515264
2.2737553,2.958252,3.8881083
2.9687574,3.1914766,3.5049338
3.2346785,0.963188,6.153388
2.4794111,4.5063715,3.759224
3.7185137,3.799248,3.161571
4.946448,1.2551831,2.5120595
2.6786845,3.9150913,3.531809
2.535652,4.145289,4.641363
1.8501365,1.5174985,4.3211665
3.7121625,3.5979877,3.892418
4.123653,3.4474344,3.0726166
4.8112383,2.3071074,3.8104062
2.965273,3.0150006,3.4881237
2.563026,2.5700426,2.3852754
2.1681008,5.543087,4.0514946
2.6380706,2.322846,3.8951821
1.8420662,3.725011,1.2820061
7.2260756,1.2346567,3.472603
2.6741061,3.6825137,5.119247
2.9113977,2.9603615,0.7377289
0.6748929,2.3753915,1.5061452
6.9779882,5.5997496,2.6765287
3.5767965,5.645067,3.3476381
2.0856986,4.6686354,2.652424
3.546771,3.801485,4.5667377
3.0916088,3.5111973,2.9034617
5.016219,3.5498183,4.9934125
6.768167,3.026301,3.6826985
1.6805859,2.3910978,2.5395284
3.075749,4.1219034,1.8320756
5.7631783,5.397941,2.603113
9.177727,6.0608053,2.3104155
2.3382893,4.5055575,4.4642158
10.061644,2.1180565,2.3329608
2.454596,2.0731223,4.7877426
2.6320076,3.6767159,3.53372
3.1584594,2.769438,3.0345755
1.026401,4.053756,2.8924093
1.9915807,5.1896434,3.8126202
6.948925,3.8639874,2.417693
223.51733,4.0386147,1.6973385
5.2423983,4.137306,4.1202855
1.3720334,4.4634595,4.001812
3.316204,2.9358091,5.6262813
3.1117437,3.713579,2.421262
2.9590638,2.9519997,2.2024498
8.494105,2.7703538,3.638177
1.183593,5.5432906,2.7242234
3.6920984,1.5896211,3.976202
3.1392999,3.613578,3.7030075
1.1514354,2.7202475,2.3097029
5.2408624,2.5860798,3.833577
8.287928,0.76440394,6.125561
2.2306466,0.84069145,2.7468781
4.6044602,2.7214026,5.6856446
1.0125625,3.652821,5.1294494
2.830825,5.079727,4.0221987
10.663455,2.1095757,3.9443374
3.1236923,2.780451,3.6242638
5.465902,2.633236,3.0417361
0.36024603,5.013765,4.484406
3.1964052,2.9720533,2.9554656
2.4417787,3.412802,5.826894
2.6602008,2.0774617,4.129733
1.6954191,0.80302536,6.1404
4.830713,4.565523,4.637628
8.189551,1.887089,4.108965
4.7056446,2.944304,2.0787323
3.0747008,1.9576743,2.2736497
4.524273,3.929373,3.535258
5.2894616,1.90921,3.5060549
3.6897583,3.197538,1.5734062
3.2394543,5.0054617,3.5799994
1.1695075,2.0845783,3.5672352
5.185787,2.5487936,3.5111775
4.3572884,3.679358,6.292406
2.502257,0.4155707,0.8730855
1.3261539,2.0677402,4.9829693
2.020708,3.2276857,3.7272778
5.2179627,4.5814185,1.9143828
3.7810447,4.5020204,3.7707047
3.9502153,0.6211551,4.6206527
2.4477415,7.234328,4.755872
2.8237977,2.828709,4.4817176
2.763475,3.5195272,2.4627936
2.8758821,4.107679,3.0735319
1.7176027,2.724255,4.0685368
1.7465166,4.4587064,3.5068605
5.5587068,1.8229971,3.643647
7.5851097,2.5177894,5.0633926
6.249847,2.805434,3.7410064
2.276978,2.6513941,2.755033
0.82405543,4.7716737,3.324856
1.1220356,3.4069777,4.151029
3.8137536,4.3983,2.7438548
3.3812077,3.0586007,3.784472
2.0459917,2.2075624,4.0160933
1.7468172,3.5142636,2.7788725
3.8071544,2.1793778,5.4029837
2.5119283,3.3182747,4.9549904
0.4666091,2.9877155,3.4811268
1.8477936,1.5507919,2.8584132
2.8288405,0.17664903,3.3272457
7.624331,5.006481,4.9840775
0.9567617,1.3064743,2.6696293
0.9567617,2.1922224,2.72762
2.940079,5.0861454,2.9438522
5.5366535,2.593057,2.5730844
4.689994,4.239916,4.632772
5.8800406,3.4115987,4.9531684
1.0247151,5.1479025,1.9072498
5.21571,6.28944,3.2182088
4.040895,3.2374094,4.8518524
1.4117063,3.1018257,7.2484813
4.897733,2.5227017,4.5860806
3.3948486,1.8865132,4.790675
8.7707,0.5575493,2.8461556
3.1083052,1.521501,4.644347
1.8656453,1.9851732,1.4051043
2.1437464,3.4675364,2.070536
2.1953602,3.0551555,2.288653
0.86570036,3.7699285,5.0598636
3.8432755,4.919096,3.5216649
2.5680797,4.2302876,5.7397637
1.4744743,1.952454,3.914733
5.5210633,4.748611,3.6604521
3.8012474,4.240632,3.8326955
3.1508963,3.5108042,2.461367
6.0379014,3.05531,3.8913686
3.2607663,2.4531238,3.2171257
3.1298246,4.966766,4.982137
6.267438,2.4574604,3.076379
1.6078641,2.4435267,3.7405198
5.448264,2.1242151,4.7525544
1.9703078,2.79839,4.6007357
6.4867883,2.7081306,5.3406343
3.3743548,1.5715996,3.26576
2.1740282,1.8704184,3.9657555
439.6601,2.20066,4.1062984
1.2303947,2.2213986,6.4296746
2.1118526,2.4785726,2.172388
2.7336006,2.1702855,3.4064624
1.7208211,2.0810804,0.6295361
4.2494855,4.3953643,5.4689045
7.161034,3.1437469,0.55355835
2.7109265,1.7165501,3.259258
6.542463,1.4897047,0.94452614
1.0361531,3.3861184,4.7511077
2.744405,3.59975,4.5201297
4.2250204,2.6843061,3.24016
5.2352934,0.97345424,1.2512374
2.634048,5.5880632,2.7234316
8.05893,0.2804769,1.6645473
1.2499832,2.501222,3.800177
7.3799443,3.0682323,3.8354547
3.0450888,1.4509752,5.9469943
3.5086935,1.6987097,4.577081
3.1678722,1.3605095,2.9288416
4.2332244,2.6817558,4.6774855
5.34454,1.0836178,3.8525655
4.0719175,2.4291549,1.4128904
1.5682423,4.5821223,2.976899
7.404799,4.002876,5.2418
9.608373,3.1696837,4.707747
3.5338764,2.6940284,4.9280663
17.55528,1.4069406,4.400436
5.172426,3.0174222,4.508781
12.082752,3.8868618,0.80212533
5.833826,6.5539145,4.4143972
5.5888033,7.660049,2.4933043
3.313575,5.277627,3.1043122
4.936092,3.5212214,2.9771962
4.6193933,4.4942856,5.6404424
9.121883,6.7962227,3.5453422
2.9699893,0.46402037,3.030522
6.616494,0.47132763,3.4576905
10.070183,1.0408835,4.037574
0.39033478,3.7954307,4.1800365
2.9265852,4.073022,4.8690705
7.9207697,2.3918319,4.693194
10.53826,4.2638745,1.1002042
5.1645017,0.74902564,4.302503
3.536421,2.8795362,3.8636277
8.903233,4.7936745,3.5559402
2.8200448,4.871351,2.0696342
6.6706266,1.2446026,4.515401
3.8706412,2.0809882,3.2053163
1.7820033,2.0453053,3.4397929
0.7119653,2.753445,2.4320734
2.707127,1.2634256,4.708124
6.8454494,3.3318334,3.7643235
4.8821273,2.855351,3.375131
1.8137264,2.5034096,3.5282147
4.2352896,2.1854029,4.213217
2.549486,0.55330217,4.4712806
2.5047,4.6659713,1.9916015
6.428963,4.245821,2.5648186
4.7930255,2.7794652,4.4619403
2.3115547,3.9170403,2.7285168
4.1115355,1.3439085,1.9370521
3.4302478,3.9933279,3.0447946
1.3780757,3.0050416,2.0874429
2.82775,2.4524503,2.7776582
7.106645,3.478041,5.685149
3.5700834,6.434508,4.5040536
6.7676873,4.555037,2.405403
2.351132,3.7781715,2.0957036
2.2371795,4.274131,0.89851135
1.4615308,1.1326679,1.4120972
4.9111753,4.0181155,3.3252556
2.9445336,3.9412513,2.1645033
3.2917717,3.5293067,1.6322731
3.3732326,1.4002537,4.6147923
4.7967935,6.372776,5.448456
5.787491,2.8493755,2.1455615
3.341827,3.685962,5.390229
6.0102634,5.4744754,1.0964551
5.2345295,3.8503165,2.7633207
2.921919,2.297724,4.7254395
4.635223,2.4868333,4.8662076
1.7883672,2.1263804,3.497769
4.8799667,1.5658787,2.279422
3.863888,4.137957,3.4880407
4.427729,4.798701,3.4607008
3.0414832,3.4041867,3.5850651
3.1962636,3.4258366,2.771176
2.3941135,3.5033293,5.9710636
2.8951838,0.53371423,3.6880748
2.165971,5.5546503,2.7744749
4.9457684,1.833721,1.9342583
8.426247,4.42876,1.8777983
2.4001398,1.1851996,3.9524212
2.4985557,2.2106564,2.7778065
3.0500755,1.7668744,2.1268988
0.7945565,4.2915206,2.8097527
3.2546914,3.2355316,5.059415
7.2725644,3.1458127,2.3174293
4.0425296,4.3962846,2.667795
1.0006602,5.9767675,3.9925277
5.799847,3.4483266,3.8167393
5.3529935,2.5693204,3.049019
2.4133184,6.12497,3.1703014
4.6598687,1.464287,3.4632652
3.8020718,2.3841672,5.8483844
7.399315,2.8819304,4.649271
3.4347427,2.8135784,2.9249184
3.6621199,3.7379503,4.2062583
6.038355,2.7399597,2.8430495
2.5918221,3.1391096,1.5642806
2.0414577,2.5502415,2.2194953
4.6854677,3.1016986,4.7130556
2.7382805,2.528614,2.22709
1.3836768,2.871833,1.0635039
4.449762,2.86942,4.36629
4.5595117,1.7474686,4.4402413
3.3077526,1.7963187,0.4848873
3.4528387,1.9840326,3.6278806
4.5194287,2.6769984,4.0308843
9.879127,2.759153,4.2420573
6.676396,1.8017443,3.1301634
5.18968,0.6842135,3.779617
5.2174196,3.3046212,2.8103638
1.9865873,0.353265,4.283854
10.898366,0.72933745,1.6615752
9.1503935,2.685301,2.152661
7.353115,2.5166013,2.584246
5.7880955,4.0144506,3.2702024
2.179809,0.6870914,4.54022
2.3916051,0.4755427,3.1725485
2.410674,1.5980198,4.481902
4.0560617,3.5100703,1.2835143
1.1945478,2.1721234,5.1072936
0.61400354,6.7870383,4.1414227
2.1299732,4.378133,2.7813625
2.195621,3.8227694,4.0060163
5.059002,3.6239235,3.0334036
2.0117166,10.671727,3.1459758
1.5348761,3.2425246,2.0902426
1.750658,3.0915995,4.4797573
1.8240154,2.6100197,1.645159
0.6711555,2.8602939,3.6956942
3.3629246,6.64796,3.404195
2.5770702,5.6961827,3.3452172
4.278559,4.866217,2.4379427
3.3293056,4.2070575,3.6019297
6.16784,3.2695231,3.9292376
4.28542,0.8272429,3.8771217
3.6349914,2.8787854,3.0660977
4.2457023,2.3578289,2.5226839
4.2181544,3.5250587,2.6029706
0.4207568,1.9952246,2.1662726
0.809196,4.41785,2.451257
1.2282072,5.458292,1.0000111
2.5378318,2.948873,2.2591596
4.740202,4.4899225,3.4494085
2.3503335,1.8481345,1.2367312
8.001967,3.564004,1.2790931
2.4520745,2.3252616,2.6365304
3.7353766,1.011815,3.550578
2.884978,3.5135,2.306717
3.3132317,1.5683788,4.159614
7.876992,3.7584736,4.738613
1.5452305,4.7135525,4.8060107
2.578716,0.8508126,4.0743136
4.5362945,1.5243835,3.009488
4.5362945,2.0851555,4.8244762
1.8830912,2.043271,2.802557
0.6489759,1.4698346,2.19719
5.893422,3.3574595,3.570778
1.4390019,2.9888918,3.554946
2.5701106,1.2004485,2.3619244
0.70006746,1.4344814,3.4490995
3.1460357,5.725654,3.9346337
2.1615205,4.782334,5.7743583
1.8109636,2.55242,3.9432597
2.6883295,2.6039915,3.3991826
7.461023,3.6826177,4.220263
1.033723,1.1799943,4.2331114
2.6732714,3.4071999,5.475318
0.5612169,1.6654334,2.8100667
1.6636451,5.265752,2.0357924
1.7879952,1.6310692,2.0801222
2.6081724,3.287801,3.4030724
3.6782885,2.1356506,2.0842566
0.707867,5.309366,3.9636967
2.769764,1.5964602,4.092954
0.63534784,4.348562,4.573769
0.411369,5.9418187,4.7941937
5.5954394,4.535952,3.0913057
4.2230377,3.980793,3.6231194
2.3234353,4.198213,4.021042
6.645617,1.224153,2.8613205
4.79616,0.6495619,2.9478273
0.5613654,1.4241037,5.045712
0.8703454,2.4793386,3.1054766
2.291835,3.2495732,2.155606
5.363645,3.5798807,2.6880968
1.306705,2.8580365,3.911147
3.8222587,1.4843856,2.7227974
1.4541048,5.1800013,3.048426
6.1891136,0.7388423,2.2893882
2.0972567,6.0102854,1.3467218
1.9236324,5.114894,4.6158247
5.764021,3.1226277,2.4261727
7.8380623,3.2623684,2.384525
3.9363978,1.3446647,2.386765
4.320477,1.8249248,4.972111
2.9694562,4.1985126,6.049123
3.1835856,4.678515,2.3090665
4.1092,1.2991755,5.0213785
6.0730286,4.562746,1.2818764
10.082192,1.967296,10.557902
5.6269555,6.018982,2.5332832
4.7745852,4.486206,5.5003743
6.7458553,0.6400262,5.399661
5.4375205,2.7790828,5.583113
3.4873188,3.5184884,3.9891992
7.0569468,4.665913,4.7819185
5.2480435,5.4764223,4.690479
3.9454813,1.4358348,1.9810687
12.620079,1.1232479,4.3824563
2.6185257,5.553902,1.9891688
8.216253,4.455531,3.635192
1.8715552,2.1990511,2.7785883
3.5698097,2.701533,3.656358
1.2065915,2.0784605,3.5088027
6.142413,3.1376019,4.5681553
3.664974,4.5954304,5.7049847
1.3676406,4.3960624,2.806728
1.6728343,1.841123,4.63404
1.9937648,1.8405029,3.5232892
3.4788954,5.4924517,4.6144385
4.780853,4.077232,3.5531478
5.448775,3.7174277,2.549225
5.8390107,3.3947823,1.5235312
5.2748256,1.4436173,5.230491
0.5119284,2.3123493,2.3653364
5.0621705,7.446333,4.8589735
6.855705,3.3438492,3.0197384
7.1735044,0.74291986,6.40587
6.584093,2.921083,2.4858828
2.394824,3.7355056,3.9661448
2.7527168,2.7957923,3.4982245
4.5464425,4.11899,2.7030303
3.18998,2.6366441,3.8615797
4.406529,4.7060585,2.293755
1.9622352,1.3018737,4.478818
1.524313,3.302773,3.5134325
9.890151,2.3177605,4.1886587
1.4052081,4.182796,3.5734773
0.7352571,2.670478,2.911955
7.235904,1.8824049,5.023619
6.2538314,4.1916585,4.02453
4.8999186,2.800536,4.567025
1.72472,4.781794,3.5084822
0.9674834,4.474076,2.727412
6.59495,4.796987,3.7180538
4.118801,8.278149,3.9278197
2.676469,2.1162457,4.192838
0.54810214,0.6568733,3.1256866
4.366427,3.6776316,2.219004
6.651654,2.4280858,2.9335763
1.7045637,2.7548854,3.337937
4.565986,0.4718622,1.5734832
4.727689,1.9093473,3.5694792
3.0524411,6.165384,3.217705
6.745904,1.2941947,4.593611
3.5599806,2.484024,4.5056653
4.2300687,1.9825677,2.1832392
1.8281194,0.91204435,2.416403
4.6121902,3.334412,2.485655
1.7908766,3.3423417,1.8352821
3.3953204,2.2254305,5.1433296
3.6209013,1.9586637,2.9896014
4.2815714,1.9415674,2.4906228
3.8009882,3.3070729,1.9658376
2.072147,3.848402,3.078167
4.2496886,3.1386776,3.8518612
3.5550854,2.1862621,2.857254
5.830067,4.5797663,2.172027
7.1683674,4.5672283,3.2820656
6.511257,4.672292,3.025592
4.5918384,0.75825155,4.2759237
3.4701848,2.7581434,3.4918396
8.186744,4.5352345,3.4388447
3.4549615,4.4018984,2.077133
1.734525,2.27581,3.1472995
4.787086,2.3298788,4.6340504
4.905566,3.1300836,3.050375
2.0399623,4.010223,1.6082475
3.684394,3.3154035,3.6517107
1.3995855,5.972794,2.6677916
5.325302,0.46745518,3.8867245
6.0175796,2.0604596,3.799272
2.6247742,2.5254014,4.8123956
2.3013582,4.095099,4.265115
0.42036855,3.4532695,4.6910706
3.011523,0.99213207,2.271454
1.7508211,2.5089626,4.5034914
3.1500115,2.9078445,3.3358607
2.8054216,1.7664902,3.641794
3.9443486,1.8198727,4.5354495
3.5093422,3.1586936,3.2748053
4.9095926,0.60688543,2.005251
2.6431396,4.1771708,3.16038
0.73926735,3.5836458,4.982792
9.317337,6.0122805,5.0255013
2.603749,0.5290416,4.175276
0.74217397,1.2707177,3.342147
7.7275653,0.7247696,4.8025823
8.500018,0.62080395,2.9475174
5.7107286,1.2869111,2.8492007
2.6995609,2.8599265,5.1181264
1.3112369,3.5699792,3.3488548
2.8448675,5.255237,4.3376913
4.548921,4.276677,3.5536516
1.4396758,3.0959258,3.36549
3.0638194,0.7176002,3.0789459
2.7422276,6.307466,3.6327147
3.6788049,5.5374923,3.3944821
3.9096315,2.5936291,1.8433115
3.9188793,3.6759136,3.2099128
6.4535646,1.7711576,3.3265383
2.5824158,0.3735048,3.7671728
5.18871,1.8884819,3.5916207
4.53776,1.0834191,1.9682233
3.653957,1.3810917,3.1527364
5.7719636,3.8936875,1.43204
3.7691658,1.7468317,0.8708594
3.7758956,3.6983056,5.937485
6.725407,3.2983289,5.609697
2.4907696,3.8777974,3.8872645
1.6805948,5.44315,1.8386645
1.2284948,1.9776812,5.5543346
3.9219325,3.024444,5.4549284
1.2173303,3.4024954,3.6674998
3.5590253,3.6196923,5.4484534
2.7334719,4.816649,4.0409293
2.5116618,2.1981359,3.2160108
0.97307557,3.7041602,3.5569293
5.0303454,2.1574035,3.1631217
7.4093328,4.841727,3.437637
3.300389,2.6081138,2.7941792
1.8246146,5.793966,4.4911966
2.1476667,1.6597257,2.6178236
1.886921,3.5558655,3.5596437
3.6264696,2.9151936,2.2437944
3.780001,1.4797974,4.9082947
4.5634317,2.942592,2.2445486
6.359723,0.83173215,4.017129
1.2060325,2.4346933,3.3920922
2.6331394,2.6171396,2.4024718
2.587723,1.9853652,3.2839112
1.1506331,2.2192564,3.8859499
3.550264,1.8641765,4.238088
0.8048556,4.41253,2.0481217
2.2819386,4.3025303,3.0259697
5.299552,1.3466583,2.4886224
5.6167364,2.9189107,3.5802639
0.8668374,1.5754728,3.1603093
1.5143118,3.0573912,2.1567836
7.2423506,1.7307643,2.9835906
4.2527537,6.654147,4.4673405
1.3598439,3.3061335,2.2369401
0.88787854,2.516048,3.0805025
0.88787854,4.7294383,4.287771
2.7554069,7.1539207,3.8052661
1.7801046,2.5837514,5.0657077
2.4812348,6.0604477,3.0555243
3.2258556,2.0755765,4.088731
0.5461515,0.48608908,5.2070265
1.2566057,2.142083,2.2353487
3.5877817,2.4914846,3.6635997
6.91042,2.406321,4.0732684
1.4489429,2.4530954,3.3634117
1.6678218,3.906684,3.6042936
1.0763998,1.9606264,1.7977899
1.3544575,3.2785969,2.3198843
2.416455,4.729229,5.188233
4.719553,1.162364,4.5069995
1.6328431,1.6465824,4.339203
3.5636837,3.6161175,3.8037827
2.3709626,1.8070697,2.9162362
1.5886632,4.7754207,3.9967334
1.4159453,2.2574468,3.385333
5.72656,2.5834906,2.754548
4.4076953,3.0767446,3.5215225
1.6301007,2.196442,5.9758286
1.7577474,1.4100537,4.3843503
12.335933,3.4986331,4.9646378
2.8096979,2.4800756,4.548657
1.7122041,1.5612974,2.9749827
1.527687,1.1438375,4.3835273
1.8407031,2.5277064,2.4059985
4.941053,2.5329132,2.8379831
1.926959,1.0022213,3.235931
2.3528633,3.5402358,2.4444947
1.2556394,4.002746,3.7399604
2.6075737,4.9109855,3.0310066
0.5822052,4.019052,3.2012863
3.2630293,1.4101548,7.1064725
1.7339008,5.994166,3.7946422
2.7872202,1.980982,3.9585702
4.6931314,3.9231768,2.083481
7.13289,3.6326272,4.405994
11.185652,5.1737776,1.8150136
0.95945543,0.7986477,8.283345
3.6268601,1.2048326,3.0387776
5.4294453,1.7200842,4.753294
4.574987,5.380209,5.837546
1.898124,2.4769166,2.3792775
5.481346,3.3846154,1.2479991
6.9716945,3.4468772,5.989093
4.648986,3.4120035,3.0371394
5.996369,2.794568,5.814732
6.5072875,2.6285114,3.078195
4.614917,5.570294,3.8428879
2.137272,3.5483353,3.7993245
8.606376,2.9694512,4.192182
4.3690968,1.6167734,3.1329124
4.8463163,2.8702042,3.425386
3.8296099,3.7684886,3.1684377
4.6993184,2.6694856,3.7316103
1.9903461,2.5189834,4.739179
1.0364448,1.870586,8.155738
5.387188,1.087468,4.5491014
3.723468,3.3658407,6.8873143
6.1459265,3.2537894,4.4873853
5.0179725,2.984707,2.810702
8.719254,3.4168544,1.2278836
4.505933,5.4735255,1.2761786
5.0927773,3.744986,2.9389746
10.608361,1.4388515,3.485169
5.5094857,3.4229057,4.345399
2.9428706,1.8649744,2.9203002
1.0710504,1.8892583,2.6662307
1.58723,1.5865248,3.7771726
7.0900297,2.529595,5.2280345
7.084619,1.6814288,3.0907955
2.7881653,3.8270104,3.994094
4.0027723,4.1065464,3.3202696
2.1978853,3.991067,6.265734
1.4423136,2.9681723,3.1537588
2.5458136,1.3598237,3.3636072
3.185925,2.9180398,2.5560043
6.7115297,0.7747518,3.162655
5.6877747,2.0576472,3.0747414
2.5860229,6.348249,4.099168
1.572815,4.472186,2.9615707
2.7564101,2.9927518,2.135172
2.0846016,1.9971877,4.1782155
5.164163,2.9132538,2.9578557
8.299199,3.6928542,2.8792465
11.04774,4.7249002,3.2550278
2.6892722,3.1307857,4.889289
2.9292,3.3381412,2.1784742
3.077432,3.0065455,1.1501471
76.9987,1.9872726,4.525361
1.5726643,3.5842052,5.833309
2.5607889,1.3817513,4.6115236
0.97960144,2.5752234,1.9673969
3.076907,5.2396383,1.3491713
6.833629,1.7205225,1.9661838
2.1755733,4.672269,1.901284
1.8256347,4.455158,4.7530394
3.9545887,2.5361445,3.1475239
5.5137854,2.6266525,3.5349782
1.7274384,2.6494994,5.9992633
4.298016,3.1752617,2.2334206
5.7908907,1.6437926,3.9745538
1.8241419,3.1367624,0.90258145
2.1131105,3.8789322,5.1080127
4.4494095,2.331905,2.7718928
0.7619385,3.5990188,1.2547727
1.2997186,4.919589,2.7855706
1.4760498,4.9535084,3.157305
3.2278051,3.768005,2.3195157
1.5412605,3.4536033,3.0666301
2.7666314,1.8266084,3.323848
3.3267024,2.3748488,2.0000112
5.455519,7.140293,2.429264
3.4980695,1.8233892,2.8794742
2.4600885,0.09900496,4.04666
2.2838686,1.4853151,4.039845
6.31812,1.1081591,3.595835
9.124365,1.9507096,4.0157394
4.4868364,1.7834857,4.7222195
1.5825219,2.7377863,2.3547702
4.5226626,1.4847116,3.222284
0.714776,2.3894188,1.4241959
6.454115,0.34575173,1.9436207
3.3763309,4.124656,3.030301
0.7118201,5.7844524,1.8591884
2.4009266,2.846009,1.4692671
3.993108,4.144454,3.6069753
6.2282324,4.1842213,3.2945726
1.1388166,3.59329,2.9000955
3.184737,1.0555819,2.7177777
3.0482647,2.453136,3.7891884
5.1409945,3.7378187,3.05953
5.6962204,1.6478705,2.8944056
5.287622,3.9233303,2.0237615
3.150299,4.940361,3.7847857
2.6988273,2.2674468,3.007251
0.5434983,2.6287084,3.1498137
8.110606,1.3706179,4.711934
0.37291378,3.1472487,3.278197
6.5315833,2.7400322,3.2491271
2.7277484,3.9108293,1.7713307
2.6094265,1.1085182,5.1508875
2.8906476,1.5789346,2.9091835
5.80745,2.9681232,3.4311998
3.2447612,1.4152021,4.4765744
3.5752208,2.846334,4.9195137
2.8044686,0.9220502,2.7785368
1.7979037,0.90952784,1.6755431
0.7336979,1.7709385,3.6710901
1.545458,3.80944,2.4407911
4.9072375,1.0108132,2.2239656
1.2281307,3.142499,3.199735
3.305764,4.481241,2.0097375
7.879653,0.3132949,3.3036132
1.235835,3.735944,2.3930726
1.1035596,3.4482837,1.737166
4.954765,1.6641303,5.078552
4.1529346,3.7289052,2.6539004
4.169376,1.7384887,4.0215125
0.7727633,3.8621888,2.856151
1.4633263,1.4754051,5.101296
1.0542587,1.8644173,1.9669551
5.181984,2.8991776,2.5343056
2.7695289,0.50031793,3.2274654
2.5064633,1.4522079,3.354869
5.372745,5.5808563,3.7356386
4.8438077,3.573271,3.14895
2.0158832,3.7156188,3.368747
4.0338573,4.0673747,1.3952104
3.2250667,1.7308052,2.6217992
7.614407,3.3669956,5.3994937
6.2215962,2.3255484,3.2148054
3.430161,1.7725239,3.4043725
1.878309,4.1511297,2.2184002
5.991675,1.9936706,3.3360255
0.74651134,1.3735832,4.990218
0.36376494,2.3572042,1.8076004
2.4491174,1.7488736,5.107062
2.089091,1.9946609,2.7465668
5.7261944,1.7998778,4.0803766
0.46921888,2.7415233,3.8362641
1.4199322,4.2335734,4.0826015
2.2950876,2.092906,3.6570823
0.8505864,1.8268661,4.0028644
2.460971,3.624596,2.985295
2.8044674,2.289012,3.8094132
0.22692698,0.94137245,2.2626047
4.9637003,2.316709,2.6986437
2.4954343,2.168585,1.4908035
2.8500447,1.3041432,3.6727126
2.1626093,1.6776241,4.3991237
3.3037403,2.433683,3.5940444
2.3941617,2.1723092,2.7723632
2.929491,2.8085058,4.7581577
3.674634,3.3126957,3.7819483
4.9506645,4.9436703,5.5075097
7.1021185,2.5351005,1.3863997
7.1021185,1.73769,6.0395794
4.3449473,1.5841963,3.0898058
7.4545135,0.8457901,2.8009264
5.9896283,3.249311,5.1982365
2.0416427,1.9880458,1.8353657
1.437029,1.6626476,3.9541252
3.5160363,2.6157243,3.022039
1.0872583,1.6040488,4.4818316
3.7433395,3.2991195,1.969581
5.3662534,3.3244014,3.8449798
3.1782892,3.8367035,3.3810754
4.250794,1.9894682,4.2876105
4.086091,3.2917407,3.6049643
3.664643,4.112247,2.8166697
11.566419,2.4166954,2.5394602
5.4749928,4.2210717,3.2248514
1.2701813,2.242195,2.6087756
6.6677427,4.1729546,4.3767834
3.985658,1.874514,3.1440322
5.9072795,4.642247,3.078755
1.0488738,1.2590348,5.681159
1.5106753,1.8309412,3.9386117
5.3323865,2.5665917,1.7359325
2.8333485,3.2230277,5.9481053
2.8586514,2.4835203,2.5617526
4.0797625,0.64173174,6.2058563
4.334406,3.4944196,3.9587348
4.682834,4.006144,2.5630736
2.8884838,2.8835475,4.3227143
3.102829,2.3697891,4.30026
2.7274408,1.5715729,3.7199502
2.3043714,2.7909396,2.7749927
0.46800476,1.1457783,3.2946942
5.9783993,1.1980816,2.9218109
1.4850055,1.5261619,3.7125778
1.8982807,1.566056,4.6813745
6.7152257,1.7916752,3.0473096
0.7378062,2.8915815,2.8361094
3.9164143,3.9349957,6.898582
3.0260801,1.7678636,2.911531
4.570904,3.7626514,1.9593942
1.6656686,1.9422922,1.5786159
7.469899,1.0004181,14.773248
4.623589,1.8998485,3.9003778
6.7668133,4.8479924,2.979347
8.832141,1.4512606,8.608543
9.099097,0.5692256,1.1483072
5.2094045,2.71898,3.2051215
2.1475234,0.82577974,3.7213748
10.53928,1.9022485,2.52455
5.1610785,1.4669797,3.355356
5.3471336,4.169176,0.85971063
3.3552618,2.2584124,2.356397
1.394604,4.616,4.3005457
2.236187,0.96671754,3.275041
2.482374,4.763763,0.97842395
5.9249,3.1246362,3.3482883
2.7448578,1.8511496,5.6238823
3.8045034,1.4118309,4.217477
4.4103775,1.3070952,4.5711784
1.1113019,1.3659037,5.403993
6.113286,3.180687,2.1423967
2.2194142,0.72641075,3.217909
3.4619813,3.6254444,5.747997
5.060397,2.0290022,1.9639963
3.5218694,2.941268,6.0164886
5.722949,6.2972145,2.9197407
11.809526,2.6261644,2.740182
3.4903767,4.215485,4.436382
7.820565,3.1928394,4.1940765
1.4889567,3.003179,3.542379
8.370775,0.9378843,2.358203
10.800031,0.79435307,4.8266296
5.3276677,5.636057,2.34479
2.322954,4.1217217,2.81748
3.106289,0.64666903,4.3514395
0.8347285,2.0354557,3.0229979
3.970684,3.3115487,3.3389726
0.9470798,1.6998377,3.9289973
4.307587,3.695163,4.3582835
2.2412271,2.5634825,5.39632
3.4026484,2.2732854,2.3480208
1.5021855,3.1372926,2.660384
4.857907,0.94675237,3.482349
6.350906,4.8371263,3.8892798
9.627201,2.2518487,3.8514924
3.931839,2.6891592,4.9391227
2.85096,3.3878882,2.948548
3.3673396,1.6726624,3.1679437
1.1485134,3.079536,1.7603595
0.1252283,3.9682374,2.3255303
4.2391396,1.4216759,3.4496653
1.938821,5.09282,5.318249
0.91844213,5.869017,1.4461025
1.8923736,2.5376844,4.5110416
1.1849732,3.5527842,4.664494
5.6723766,3.5621815,5.1394973
2.103487,2.4166338,3.3692417
3.134552,4.003892,2.905593
4.6956944,0.2518104,3.3565376
4.6067853,3.2518196,3.7399468
9.958285,2.2382228,4.960072
0.38034022,4.819019,3.367786
4.878914,1.3694268,4.0335345
1.6801422,2.2983305,2.6505632
1.2021711,2.0922241,2.9849918
7.125405,2.2002764,2.6736975
1.740164,4.287731,1.7948389
3.0066037,1.3646708,3.540407
5.8824387,2.832577,1.4847301
3.165378,1.3205322,5.580967
6.811693,1.4889171,0.6433832
7.2087765,3.017723,2.4249568
3.548142,3.8137865,2.7212057
1.1331348,2.2891333,4.579578
2.613835,3.9001224,2.6704266
5.3454466,3.259227,1.9408661
3.1004708,4.7234473,3.3822713
8.687303,3.3143075,2.5486927
5.0442605,4.713395,2.1387005
4.8181114,1.3659345,2.3991683
4.4332023,0.06258694,4.680233
2.073179,2.4526677,3.0557694
7.633574,3.6356163,5.171791
3.0339797,3.72917,4.2528296
2.810114,2.775914,3.6334403
2.7244387,4.431168,4.7017007
3.4731398,6.7786603,2.971404
3.6455646,4.3782053,3.4906385
2.2807977,4.9423394,1.4587208
4.983894,3.2409954,3.636518
5.2769203,4.02806,3.8533678
1.0239229,2.6214638,4.7255235
5.095561,2.8678226,3.303263
1.3040091,2.9189475,4.3808436
8.087796,6.7678075,4.161682
0.8986582,4.2590384,6.0792823
2.6328638,0.65867066,1.3824927
3.9502528,3.8674538,3.8825758
2.9970906,4.154284,4.452003
3.2306385,5.0310645,4.7722163
1.2853508,0.9874674,5.1893926
6.236436,2.4569356,4.791577
2.7322404,3.280598,3.2314296
3.6184857,2.1679573,2.0360715
3.5997846,1.6444652,3.1515837
6.211939,4.462641,4.420725
5.3969684,3.0284674,2.269213
1.4080034,3.8367357,3.3074896
4.5186987,1.6254146,2.1087387
5.1412945,1.9174631,1.8940239
1.5337462,2.1707485,4.0364985
3.316127,0.31050232,1.2752143
1.0864954,2.935941,2.9839075
2.9085047,1.6121857,2.4908845
0.4402089,3.2007778,1.0846883
3.5579298,3.0890265,2.4765515
1.751802,0.8295338,3.4490418
6.568369,2.0730844,3.3209984
7.029585,2.3861392,2.154768
4.265339,0.13525005,3.1027198
1.2961158,1.0411863,3.2064383
3.8917177,4.450959,2.3340628
1.8815774,4.823849,4.0157437
1.3048954,2.4355102,4.336631
3.26984,7.6412,3.3233883
2.2236333,2.7481053,3.086069
4.1623135,4.1429605,2.688701
4.8388963,2.8741374,1.6396546
1.4303044,2.0445836,2.3637207
5.9319963,1.1847605,3.7782104
6.7178874,3.803203,1.1407704
3.2792947,1.9191109,1.8968003
2.6292682,2.3402832,1.708751
2.666488,1.8838913,4.6806455
2.3174465,2.5540047,1.9903029
8.005592,4.8739824,3.5793579
4.609804,2.1938603,5.3346586
3.733928,4.942222,3.255476
2.9548106,2.4039261,2.6366327
5.621165,5.353537,4.123841
4.9243736,9.918207,3.181128
8.533315,1.8526447,4.4979305
6.8629627,2.910143,6.328173
6.875676,2.0047991,1.5809551
5.0945225,4.2806864,2.868795
4.564474,2.2658124,3.2110803
4.317533,2.0782194,5.433644
1.0415081,4.8444266,2.024242
3.1574197,3.4097672,2.8492074
2.5658836,0.83777916,4.3690085
2.395426,3.6506715,2.2461867
1.0912344,2.8825424,2.0948167
3.3314648,1.9702178,2.1737454
5.8293247,1.2824596,4.6346426
1.4535378,4.250712,3.1477034
2.375776,3.9240577,3.4590764
1.9911722,1.8873172,1.5126538
4.848235,4.2901664,3.5075142
6.375084,7.4810605,4.476342
6.375084,0.8723234,4.3566504
2.580222,2.5729997,3.0910842
2.9178796,0.94450015,4.2769127
5.1044755,4.335815,3.131518
3.3709147,2.1198146,5.334947
1.9746561,1.2817581,1.2146386
2.488891,2.2547565,4.2863846
2.718572,3.6475077,3.7004936
3.5130002,2.777506,2.8563552
3.3563044,3.4798129,5.8512707
2.6808898,4.127403,3.802153
2.2860997,3.0455472,3.54099
5.974284,3.644791,2.3074777
3.3058052,2.0150301,5.1775355
4.062126,2.950174,3.8959258
4.0017204,3.0648277,2.481273
3.7967055,2.8945353,4.659404
3.4096954,2.714971,5.0916305
2.8572042,2.8402295,1.3910639
9.137793,1.964583,3.8853793
3.67966,1.3809631,3.3797052
0.32070792,4.0481076,5.4381785
4.075621,6.484708,1.080916
4.0167165,5.7197075,2.0636263
4.119955,0.584324,2.9934323
1.9279159,1.2953104,4.217232
1.55084,4.8369155,2.612969
2.1103418,3.7313554,3.3435822
4.045265,0.9303344,4.279873
7.191041,3.881065,3.3802683
3.0765793,0.70839894,2.0256674
3.260899,1.4977512,3.3135834
3.493413,6.0645237,1.8336333
2.978099,1.0241222,3.7230923
1.9520823,2.2243686,4.650033
6.586254,2.8290305,2.9509492
3.6105158,2.43512,4.9431424
1.0482372,1.7316233,4.3617992
4.6330285,8.149824,2.4582627
5.002466,4.0570116,5.0223937
2.336963,0.8082598,4.356361
2.9152257,1.969572,3.9855268
2.1087155,1.8073688,5.073445
11.132915,3.5563555,3.600015
7.03543,4.88522,3.7526453
5.4518337,5.2130785,3.3796432
2.3118045,2.9076922,6.096912
3.9020445,1.641185,2.149045
5.1052628,3.4518285,4.4844184
8.194335,4.69796,3.0779696
9.49382,4.501221,3.0335593
4.654907,3.3009727,5.748428
4.731785,2.8465543,3.8313584
5.6201816,2.0133853,3.9275773
2.6666956,3.835683,3.298352
2.9533584,5.1613417,3.3829968
1.749211,4.324524,1.4898866
4.9360113,1.5461347,2.0048969
0.9121595,4.0074773,8.058484
3.490147,3.4471843,1.5689468
4.7696333,1.7717906,5.766401
3.2230804,4.432194,2.6300602
6.940858,5.3475466,3.7210007
5.9062204,4.931037,2.2554784
2.384024,3.0224702,4.40513
6.639638,0.625072,1.6491022
2.8743916,1.218563,2.9682693
3.6678472,0.78460205,2.6805396
2.7917354,4.7247477,2.9597082
5.361474,1.1370723,7.3747587
4.345188,2.555245,3.5759912
3.316016,2.4415069,2.9470007
4.39308,2.805508,2.4408176
6.7976136,3.0227423,4.4119506
4.5539737,3.0274916,3.577001
4.904704,3.7118025,3.569314
3.7910445,0.811626,2.4455314
0.3405721,2.2564197,3.380548
2.257923,4.5761447,1.9469367
2.6672056,1.9082525,4.1926346
1.7628338,5.0256834,2.4036357
3.5709999,1.5194956,5.987752
4.625653,3.0380058,3.7179697
0.7589603,3.036035,2.4118052
0.79537714,4.257247,2.252758
2.705229,3.3849225,3.8734796
3.9377306,3.8707902,3.035641
4.9136357,3.127771,3.1586375
7.2505927,3.4203613,2.4322383
1.8387101,1.3811839,3.4829826
0.3278093,1.8528563,2.3492124
2.7748659,3.7788427,4.9705796
3.5221045,4.155266,4.2280054
5.364799,4.442455,3.5198865
0.9234076,4.719646,4.6086345
2.9537227,4.1484,2.6863997
2.7467573,1.2751132,4.082371
0.5354873,0.36195216,2.81312
1.2592493,2.7606657,3.7309844
3.8439972,2.4708996,3.220537
3.6963584,1.4869999,5.031421
1.3353533,3.3525312,4.192678
2.205622,1.8269207,2.798008
1.1126591,1.3733163,4.3806577
4.092972,1.215974,3.3098323
1.754505,11.213732,2.462481
2.1551337,3.2466526,2.3439295
0.78114825,1.8800946,4.523482
4.1723533,1.137492,4.023441
4.173647,1.0853544,1.6054531
2.0682259,2.6232665,1.9869423
2.2781096,2.709691,1.9490787
0.9555421,1.4935638,3.5048258
7.3401694,2.1696486,2.7788272
4.090617,1.980967,3.7731953
2.4946892,2.8843765,2.73204
3.552754,3.4469993,3.788264
3.2252038,2.7445843,2.5297484
2.285405,2.9845848,2.6944163
2.045726,3.838278,4.4463253
1.1967639,3.9633133,2.2771602
2.683881,4.1446514,3.2332232
3.8442323,4.186651,3.6965802
7.9295907,4.4821663,3.8917446
4.2918143,3.405396,3.95429
2.9308724,2.9104755,1.8686998
2.4303858,2.6683877,2.3010607
1.832603,5.939412,3.3515167
2.944136,3.3267622,4.5365
4.4938293,1.8571203,3.9268641
5.413329,1.1801007,3.931557
5.089066,3.9576025,4.6849413
0.28606048,3.109852,2.7981238
3.3559802,2.3256946,1.1464016
1.9826014,3.2186363,4.514502
3.323307,1.9314249,3.1218646
5.193217,4.179159,3.1475267
2.3067863,0.39292914,6.7794323
0.20150436,3.7919116,2.2454321
2.088473,4.8427925,1.447911
6.8558927,6.154691,3.0205724
4.6959424,5.1193056,3.3335595
3.5067282,4.282488,3.8430512
4.8265247,3.9662018,2.310474
7.98735,4.6622095,2.8016257
4.2434363,1.4552056,3.0620015
2.5281162,4.2476954,2.7881224
2.3671403,2.4496205,1.262222
5.842523,0.85155195,3.1397536
2.2550106,1.426273,3.4172304
0.7771788,3.662507,3.0620315
5.512699,2.8021886,2.6388812
3.9432132,5.4892983,3.0223403
4.646902,2.2317815,3.435041
3.897648,2.8082192,0.5608823
3.5462277,1.8687589,2.429639
3.530453,8.867667,4.477229
6.049754,2.0576746,2.3971007
3.5029905,9.180919,2.5454354
0.48921457,4.0515375,2.9679506
5.29138,4.570806,2.3998146
4.740275,3.685237,3.191386
6.550062,2.7908788,3.2589355
3.382749,5.3662376,1.5409232
5.1479955,1.4076496,2.7486384
3.634939,1.894788,4.1716595
2.0608563,1.9273586,3.2297404
1.5786138,2.836946,2.6846745
1.7146733,4.4800625,4.313088
3.9472919,2.9085908,3.8280406
0.89237326,2.8211772,3.209438
7.648797,3.4530122,3.8547854
1.1317973,1.1507196,1.9925761
1.8683755,3.462473,5.2790203
1.1923444,3.8099308,2.7978737
3.3844104,1.2198355,1.5858554
5.8542542,2.5205562,6.190991
1.3632191,3.4345174,2.386266
3.4977653,2.082749,2.2684715
0.650595,1.9798399,2.9821148
4.0444145,3.7790942,5.771462
1.966721,3.703499,2.9576242
3.395015,5.283989,4.225476
4.488738,4.3375993,2.40875
1.0245445,3.7227266,1.1413736
1.7903554,1.7448611,3.9414303
1.0494826,2.498967,3.6391778
6.2610555,3.866064,4.095061
2.4224203,0.45757982,5.044286
0.9920153,2.2587237,3.4458232
1.794572,4.6099257,2.366488
3.2179294,4.7418165,1.7904627
3.9711843,3.3557553,5.6952105
1.7343874,3.2365437,4.436301
4.9510093,3.1571991,2.4342988
1.7697275,3.6556547,2.1307511
4.842503,2.3490613,3.5089965
1.3929176,4.1691675,3.9395049
2.7480893,2.0664072,2.0372186
2.9316368,2.7574074,4.519933
2.9316368,3.1256838,5.647249
1.8579665,1.7376566,3.0275922
4.734797,0.8061128,1.6503012
6.403228,3.1283092,2.5613837
4.2082553,0.49568015,2.555703
5.5647864,3.9154203,5.051677
1.7270848,6.6384263,3.4563727
5.2200837,5.5840616,2.758864
3.671,2.2080288,3.6676733
3.1376076,3.188358,2.913176
2.048603,3.3499966,2.5309722
3.8410504,5.22034,2.2401466
0.69405955,4.135926,3.8178895
2.0719872,0.5554805,4.77491
4.531277,4.435538,4.4716816
0.7391036,2.8251135,1.7068641
2.1526299,5.5241046,2.8895013
1.1236228,3.7983081,4.1499934
2.3392413,2.7422311,0.5924421
2.3813899,1.0513893,5.192159
4.889703,1.3140774,4.1071877
6.254955,1.3436538,4.2595224
5.3502107,3.8293502,3.7573636
0.93962264,2.3541908,4.327934
1.5855181,2.4984407,3.9327066
4.999768,2.1672914,4.131589
2.0411487,4.082934,3.5018463
3.0460951,0.9534034,3.3270013
3.6506388,1.3260342,4.0254045
1.5233388,0.6269759,2.5883749
0.49916872,4.0368066,4.5274963
5.4664383,0.79680276,4.8238983
2.9002018,1.3058597,4.747138
3.841933,1.7023467,2.3113225
7.9288187,2.5884893,3.7568705
3.7198412,0.9173897,4.375957
7.043079,1.5320547,1.6841571
6.4928913,2.143337,5.181514
3.9061954,2.1695764,0.6107299
8.573595,2.4194229,4.882995
6.025441,6.097383,1.7272463
7.05136,2.4604008,4.268672
1.0691508,1.0358229,6.635385
6.1151023,1.1999979,1.1495055
9.991303,2.4190462,5.091559
4.409022,2.2176354,3.613906
1.6525908,3.120125,1.2373071
2.1426196,4.2111993,2.8428068
7.112913,1.4196193,0.48657894
8.55549,1.6915826,5.005716
7.046899,1.3627673,1.6237257
7.265201,1.812414,2.8072417
7.2233787,1.9812268,3.0832663
2.104104,2.918057,5.4914293
10.8715105,1.899535,1.821508
9.578705,0.53574425,5.5355315
2.1527112,2.312438,2.4189682
1.7365738,2.1304657,7.2111297
3.973059,1.0038524,5.575537
3.6952114,1.9141793,4.786369
1.6887692,1.3664204,4.176746
4.907069,1.2255647,2.4057448
6.939037,1.5167537,3.4237187
3.9178057,5.3870277,2.6552024
1.498964,1.4093434,3.9140668
3.8728147,3.3258007,3.1823916
2.995893,0.9097399,2.8412344
1.2145234,0.41598424,2.1003149
3.9574342,4.2466044,3.038171
7.178309,4.9329147,3.566873
2.2654493,1.003124,1.8250602
8.652535,2.6665523,3.3628697
0.514206,1.975819,3.734692
10.562552,2.4184225,2.9522371
1.2609447,2.0987906,0.99001014
2.570083,2.3762631,3.1186008
0.9475433,0.5801422,2.7478786
4.9391127,5.154185,3.6093028
4.909071,0.44666106,2.8648553
3.3098667,2.2398953,3.911896
5.7178574,3.707366,3.3254783
2.3769531,1.8231028,2.168972
6.4041758,1.0208771,4.984729
5.099642,2.4724212,4.5801597
2.7493691,5.4411845,1.4059312
3.2291667,2.771387,4.003403
5.6884823,3.7421308,2.0886285
2.5249238,4.6548915,2.1127787
6.692381,2.2888498,2.147482
2.4178805,2.2908573,6.281678
0.97397035,3.2859662,4.5262213
4.6734896,4.172462,3.1795657
3.017812,5.5840263,4.2495227
2.7343197,3.1736403,4.5749655
5.466946,2.119526,2.7981517
5.5387464,3.7334816,1.3603967
2.2591815,4.0877223,5.383007
6.396991,1.6638303,4.0005045
6.138013,2.8561177,1.9374362
4.245991,1.798517,4.1358466
2.5529385,1.5426595,4.2471094
3.6441572,1.4636805,4.513667
7.733922,1.1572593,2.4682722
3.4856067,2.5167596,1.6757159
2.10609,2.7959154,2.0457828
3.4398534,1.7437394,2.5157378
1.7334536,2.6015823,3.4223375
7.0194163,4.706853,2.6491437
0.8313514,2.2691453,3.8077822
1.7248126,1.4718823,1.4100021
5.055403,2.9817433,3.2409308
4.073304,1.7328734,2.1284866
3.6729157,2.713405,2.7610662
5.0499573,3.7463338,3.4374242
2.0464587,3.5397346,4.029604
1.0219293,1.3062745,0.78961784
4.3219533,3.1436868,2.630262
5.3818526,3.2518525,2.9196467
3.8274207,2.6219606,2.0341172
2.4661527,4.670097,4.2557664
1.7432867,4.6793094,2.9585295
2.930593,1.8001196,5.0361953
3.5196075,0.5584726,5.5172286
2.1912816,2.3941147,2.3576913
0.7264576,1.9970242,0.8721796
4.712185,1.8513364,3.513395
1.9591986,3.466994,4.632036
1.444247,4.447566,5.973226
2.3109045,4.649252,3.6743817
9.350743,1.8445342,3.644588
3.0891314,1.7339072,1.6751837
1.8103666,0.63929325,5.6958156
2.1894655,6.5165324,3.929892
5.3643045,2.4373133,3.6126213
5.6248636,1.9470885,3.425372
6.8531356,4.2597213,2.551916
4.7735376,1.0994625,2.3215191
1.5306821,2.7561417,3.0341113
1.9903677,1.6318806,1.6136959
4.2520857,5.5849905,3.056095
1.3209833,3.2992225,3.950268
5.718824,2.0616865,3.1860168
7.0620847,2.5118115,2.20995
5.072417,2.4541373,1.8290273
4.2575502,4.0525784,3.1259468
1.6454908,1.8621074,3.0263708
1.7235233,0.8464975,3.9151182
3.4836075,4.2182474,4.6077504
4.9061522,4.3135185,3.0554094
3.2112486,4.186294,3.6179166
3.7501357,1.3406014,1.7678558
2.973729,1.5735198,3.0496612
6.2755547,3.7249112,4.4489837
0.45520473,2.0033393,2.8719509
0.3011757,3.7158594,2.3862057
4.156301,2.044185,2.7554212
4.643576,4.085141,3.6701515
5.8692765,0.655487,1.6291974
2.6885645,1.368346,4.014794
3.8032827,1.6172478,5.528148
2.7615068,5.01128,4.506374
1.8351159,0.7486305,1.8497475
10.036089,4.5300837,2.3383963
1.1670113,3.7522752,2.1620607
1.5280852,2.2880692,2.6617856
4.448526,4.971807,4.5926585
2.9436884,2.4234426,1.5882888
2.3017662,1.217381,3.3071096
5.7762055,5.377401,3.663162
5.704569,0.6114542,2.4010954
7.3449244,2.162457,4.1694045
0.84005946,2.6819186,3.9816003
3.212096,6.39819,3.3347938
1.2274141,1.4037074,1.4030565
2.4465356,3.1985376,2.720457
1.7611724,2.8326197,2.812607
2.3040552,2.580976,3.5394936
4.112872,2.369765,1.0941156
3.8295891,2.6292846,1.572472
0.73213404,2.2752514,1.9430436
2.9458816,1.4112316,4.221704
1.7874585,2.4588156,3.8480322
1.9858699,4.214861,4.5861773
2.332263,3.2603738,6.4174585
4.2500567,5.4445186,3.9188879
3.3906276,1.8221741,3.29017
0.38927096,5.0768213,4.2132297
1.2771021,2.406519,3.1934779
5.7270336,5.6997757,1.75611
6.338514,1.6902031,3.979943
6.045017,3.3080184,5.608947
2.3883026,2.3071716,2.8601906
4.638714,4.1779723,3.3991761
2.111163,2.703057,3.0160096
2.2692778,2.141777,3.6109118
2.0164752,2.7683861,3.956391
3.4441602,3.8848362,4.896567
4.049882,2.0156536,4.03426
2.552751,1.9312501,3.5067275
6.3816466,2.7983103,1.5756348
6.3816466,3.81712,3.3827238
3.9226105,3.4019358,1.7479863
2.5608277,3.9512937,4.2827153
7.229469,2.62613,1.0557711
5.9764395,1.8123605,2.248988
3.0624807,3.9282448,6.4047027
1.6338751,4.5823617,3.0402832
2.9467847,0.5544042,4.6007605
2.6169176,2.2727911,2.8416426
3.7783506,1.5376036,0.5747258
2.7861404,1.9408011,4.8144736
6.3426695,3.352845,5.500196
2.680979,5.5028315,4.504092
7.0896287,4.120728,4.715544
3.088774,0.77731115,2.855358
0.69140846,1.332936,3.550334
4.492178,0.83181643,3.1190212
1.1373292,1.0910648,5.98091
2.5085804,1.8782209,3.1512449
4.862984,0.8357496,5.1174693
1.4553616,2.82538,3.3045287
2.894581,1.5592586,4.0868545
1.6769252,5.0147877,1.8654642
3.4516332,1.22471,3.202545
6.708039,2.5901544,5.022589
2.7656982,2.941274,4.1342645
3.6033146,6.3978877,4.3115153
1.3910912,1.5624236,2.636608
2.5746744,1.5939624,1.6168609
7.3414803,5.31255,1.6554484
2.3994803,5.5179534,3.4450235
0.9865184,4.748046,3.9427743
5.324384,1.0015215,2.7748494
2.9333808,0.41882548,4.100525
1.9382328,2.1108513,1.7094315
5.528544,1.8798563,3.636228
8.703594,1.4507558,4.475838
9.67912,3.3926427,2.4898212
2.3191917,0.75917256,5.5794535
12.285045,2.1094012,3.9121187
6.236604,2.9303098,6.9435916
3.3222344,2.0843284,2.6947198
3.487918,1.5834115,3.9672987
3.6608374,3.5627835,3.4208205
3.1046224,0.15669164,4.2723365
4.7918153,1.8163881,3.1230557
5.3132396,3.8177707,2.6974392
1.7756451,3.1064093,1.732036
5.511314,2.1377013,3.4409142
8.438909,2.2685287,1.1953034
1.519134,0.60862553,1.761185
3.8530068,3.2309945,3.8186183
2.250081,2.9168339,1.6520509
4.426643,1.4793146,3.5288136
34.94965,1.8729881,4.783864
3.6201828,2.7794192,2.5333772
1.4701349,1.5284377,3.718506
7.173084,2.0465007,5.03586
2.014205,5.4580226,2.9816132
3.1894574,3.3745985,1.4190176
4.6103687,4.8987365,5.466119
5.6858845,1.6767594,8.952692
0.88973075,2.3723662,2.771683
4.8386984,2.9524093,5.174601
1.4743394,2.7707322,1.6055882
6.933811,4.470381,5.477383
2.5047786,2.6686134,3.3136985
11.853775,2.2459354,4.2139626
6.563162,5.3461003,2.7680173
13.507643,4.46872,4.7146316
4.6801744,0.80260235,2.6542327
3.060811,4.1145773,3.2305782
3.1975648,1.6191058,4.168944
9.66579,4.345437,4.429905
5.162002,2.4617443,4.180318
3.2958682,1.7183754,4.2501674
1.7032801,2.014303,5.0115895
5.21415,5.1129966,3.448918
5.8605404,2.5662093,0.7069848
8.066792,1.5025126,3.7963896
1.4779319,1.1375678,4.1377764
3.927627,2.7177312,4.1055408
1.592665,1.6544924,4.334076
2.233016,2.783152,3.0455837
2.1810293,3.3922112,4.5174375
1.7730806,2.116151,5.496471
7.025489,2.6820717,4.2111654
3.0387964,3.4726863,4.3606577
3.1119454,6.2726474,3.5848558
2.636969,3.367087,4.0153265
5.6613564,1.5632477,1.3592275
3.8555832,0.5196088,2.0340526
2.1426718,5.7091293,4.5439563
2.519672,5.8345423,3.9485986
1.6817994,2.802473,3.046252
4.1878214,4.359641,1.5524669
1.6979736,1.595618,5.290306
2.3583608,1.9275261,3.4814818
2.2762659,1.873767,2.3102157
5.533505,6.892786,4.6514125
2.3988824,3.4354737,2.9602952
1.887079,3.8352869,2.5352695
1.7319815,1.1284344,4.8914924
4.5296445,4.3426156,3.8625615
5.5926185,2.876717,2.7016838
0.22612157,0.1841478,2.6281476
2.0808306,3.2476926,2.3745081
3.5786417,2.7466016,1.7785299
1.237844,2.018522,3.2189875
4.6740193,0.6337593,0.69252396
1.4329082,4.6660013,2.428692
2.0090506,3.0749907,1.180819
6.217673,1.1858261,2.921017
1.605095,2.9029863,3.2927847
1.3870292,1.4153492,1.7085524
2.1380427,4.051491,1.8904984
3.53369,3.89893,3.3854709
2.3509715,4.1570845,1.685056
2.1858788,3.246465,3.3558652
2.1827133,1.128025,4.46976
1.8862107,2.5458548,3.5984707
2.5659463,2.5043986,4.746926
3.0932364,5.3572965,3.9439142
3.4381397,2.6863983,4.115562
4.0063877,5.5145006,2.6714005
4.821779,1.9698933,2.689945
3.839498,2.8770046,4.8877125
0.31166756,2.231473,2.6634586
5.817096,3.510038,4.007006
9.170509,3.4410925,3.2741215
0.55696166,0.65806466,1.7592717
11.205633,2.5366285,3.6960626
7.458945,4.0230703,3.5976133
0.24042267,0.56906235,1.1026311
4.624638,2.5551357,2.8467336
4.068733,3.4878213,2.7549555
4.993168,4.634263,1.8933303
5.018738,4.1751947,6.461104
1.196245,2.2304285,5.210633
2.7137928,2.5355847,4.9496517
2.73207,4.7361975,2.6770792
2.1694734,1.0230238,2.8818903
5.0438294,0.33386517,3.4566884
2.4595616,2.3142416,4.125552
7.911247,1.6670988,1.4188145
2.34052,4.6495047,1.2136695
1.7736418,6.4650726,4.8284636
6.489489,6.2130456,1.899434
3.7847369,2.3360486,3.534182
3.1857188,2.6701028,2.3760278
2.209978,2.8341672,2.181201
3.6784425,1.7091714,4.818039
5.249946,1.8742591,5.1746054
2.5034199,2.8581104,3.3694437
8.243952,3.2169476,4.5669484
5.8368287,3.8442135,2.8137817
4.8637285,3.277987,4.597493
2.728636,1.4896512,4.3946013
2.584268,2.7118838,3.548228
4.567866,1.0114878,3.2391257
1.6194494,2.892146,3.6404226
2.7449179,3.3119533,3.394938
3.679525,4.7426934,3.2572997
3.7171192,3.2979574,3.9533212
2.3494475,2.2460887,2.8915195
3.899413,2.7260683,4.730568
2.331731,1.5835052,2.7171652
1.6531508,3.9606752,1.6886892
5.9727354,2.6789656,3.8292997
6.8745885,6.4630914,3.0637403
2.6629615,3.0860004,1.6443379
2.8384514,4.1240273,4.082751
0.74765754,1.3008068,5.461355
1.8839463,3.0265083,3.8113074
3.056388,4.6542726,3.1225722
3.3916981,3.934208,3.390081
2.3395348,1.0890552,2.1476676
0.8155038,2.580153,5.2961345
2.2464354,3.718108,2.608663
5.0454664,1.3392334,3.9519825
1.5335264,3.0615017,2.0154827
2.8068957,4.735173,3.7551885
5.1646523,5.4337344,2.8585703
4.3784504,1.6062728,2.1491127
7.7727056,3.789405,3.2500968
6.2576523,2.24215,3.191073
2.233711,5.6345415,2.943301
1.6258783,1.7928466,2.9449508
0.43189555,4.491566,1.0856669
2.448557,5.3274093,1.7362354
1.4723287,0.9471807,2.6441557
1.0881963,1.7023535,6.1571736
2.1369982,3.3142843,4.3728256
2.3759823,5.3462076,3.6886392
1.5087872,1.8566958,2.433789
4.5501924,3.582532,4.284721
9.963205,2.9005892,1.2995782
4.420508,4.197929,4.3628297
3.9905233,3.503668,1.3239397
1.521405,1.2520162,4.608115
1.521405,0.86268,3.6642842
1.6828403,1.9104339,3.4360175
7.6225166,1.3746996,4.840314
3.7460043,3.3289242,7.093209
3.5375228,4.754234,3.066832
7.3666277,4.775387,4.444003
4.918682,2.6700072,3.732683
1.4926012,1.6032512,3.0993629
5.025985,1.0534183,1.9883174
2.4037497,2.07421,5.5954046
3.3385246,3.6276252,3.8892667
3.8502383,10.316978,4.7458324
2.2812696,1.6593595,0.47457832
4.7882705,2.7219906,5.502316
3.707387,0.6405895,1.6083559
5.1655717,1.9361546,3.0550027
1.2492297,4.778445,2.8299003
4.760552,5.2351694,2.6979115
2.4858851,1.4295555,2.969627
3.2698283,2.229111,3.7614899
2.7354715,1.5996265,2.8636453
2.8861144,5.8200502,4.4480433
2.9809573,4.3044114,3.6144767
2.949641,3.0547779,3.3991756
3.6560657,3.0307038,4.868434
5.2000895,6.0057716,3.0835812
3.32498,1.9618951,3.0193906
1.4767811,1.1684874,4.6864915
1.2997394,0.8620284,5.1240263
1.7245029,4.2965198,2.421053
4.047337,3.7607539,4.1117573
2.0210488,5.201007,3.1257923
1.8995458,1.4591839,2.890113
0.9728913,4.7986865,3.804493
7.1740246,2.0325725,3.197373
8.092656,3.7997458,7.956852
4.2850895,3.016854,6.879331
1.6107465,5.225136,5.9387097
2.9650638,4.5641046,5.3882895
3.0937889,2.6171815,0.49964616
1.5173292,3.1171463,3.4429846
6.6156363,2.2759762,6.5397835
2.9399202,3.4019063,5.4913616
2.9986253,1.5981612,2.5628965
3.245764,3.377183,3.829895
7.456313,2.2386513,1.433719
5.8085446,1.4950334,3.6958346
4.465039,3.5715468,1.676362
4.788106,1.2142745,1.9059631
5.111022,1.2809567,2.6125767
3.2151814,2.3627064,3.5056791
7.2179356,2.307038,4.8815436
2.281941,3.1880162,6.5494456
3.6563787,3.3331175,3.867878
3.940339,0.29103696,3.4180868
4.025126,0.81253976,3.679814
3.356211,0.79483545,4.3078594
2.8787572,1.6693242,3.3160143
3.0694606,1.7984076,3.7011955
6.5347157,3.018548,4.336275
5.386057,2.192971,3.5571465
4.662483,2.1776981,3.477231
2.6102574,2.2365334,2.998914
1.5737513,3.869774,1.4576796
11.719353,1.4593096,4.427918
2.6714652,2.4732997,1.1392964
2.4905376,3.831377,1.4422027
285.10953,2.73378,3.6506267
3.4976976,3.9502075,2.813982
9.309142,2.1508472,5.004042
5.9175377,3.775723,2.2216282
1.4781665,1.4611732,3.9535816
2.6605115,1.4828459,6.520776
2.6214468,3.7787988,3.3440132
13.681539,5.9103456,3.0109844
5.552381,2.7933419,3.1727653
6.3059735,1.461398,4.7997327
4.196879,2.4952755,4.3422394
1.3299158,5.8149815,3.392569
3.0964053,2.0536883,2.5515084
5.6615314,2.4482355,3.3828113
5.301759,0.9505402,2.7970579
2.129426,3.1227882,2.660532
4.7152133,2.2694926,2.5403728
2.4895983,4.319077,1.5514947
1.4958084,1.801944,6.0255933
1.6984534,2.0176735,2.8112524
0.61518925,3.1248336,3.9650083
3.2924526,1.5977927,4.0547957
1.6892937,1.7639935,3.1693707
1.972737,3.653862,2.8455129
3.9283698,0.8416892,2.3586526
1.33685,1.876457,2.1088588
0.5528672,2.7201478,4.03041
1.7150577,2.7859416,2.6610873
6.0900292,2.4754615,2.9822934
2.7488077,2.804656,4.654749
2.0443022,2.4777563,2.834177
4.4282627,3.4510853,2.837267
1.5799725,1.1128329,1.9900783
5.359767,1.0493345,3.7277758
1.7734267,3.0874872,5.0060377
2.0772548,2.1051292,3.2017953
2.6034157,3.8488007,3.5759263
3.47213,0.51888376,1.3610505
0.9834656,4.7714133,2.3048148
5.6945186,3.6348743,5.1295743
6.855686,2.1164057,2.2057455
4.875829,2.8613186,3.2884572
2.2270908,3.0087457,3.7056377
5.153907,2.4375,2.6969888
2.3410375,0.18070523,5.0752063
2.183795,2.6470325,3.1967623
1.3683829,2.1066532,2.5155551
5.428747,2.9260998,4.249398
2.1017516,1.3410083,0.33008814
3.3214278,1.6004722,4.479101
4.6943707,3.470891,3.1031497
2.0748494,5.002692,2.689641
4.8358097,4.5856357,1.7226745
1.6951605,4.0594482,3.7711837
3.0130868,5.0218697,4.404844
6.7715025,3.2149146,4.9418793
0.5719085,4.5146904,2.1812737
3.4395957,4.9509563,3.750147
3.2709522,2.6029348,4.3395066
2.455805,3.245702,4.9387474
3.5071354,3.3155196,2.9317024
4.061105,2.8762133,4.925941
2.5733283,2.6052954,1.7351989
7.114848,2.7406833,4.4421053
5.992198,1.3367941,4.9924884
1.7230915,1.0459447,5.608245
4.689261,1.6983874,4.6669436
3.6233125,1.9309833,3.64872
3.3986084,3.8508635,4.3632674
5.826485,5.179011,2.2683995
2.1320846,3.451942,1.6700087
2.1666334,6.4056797,0.5843374
6.8541303,3.5055645,4.0231338
1.9293079,4.465487,2.4283552
4.8854074,2.4567418,2.9701118
12.738326,3.1245356,2.9214485
1.120143,2.211801,3.5261226
1.0879443,2.3326905,1.3982161
4.1209917,3.7006145,3.3273783
4.2539315,1.5271232,3.6005461
2.7581205,3.4879763,2.4620664
3.7394812,1.0999954,4.078076
5.115146,1.7846488,5.707193
2.3124626,3.9423907,3.6458933
1.3446972,4.7700663,2.8879964
5.94114,3.8581252,1.8653619
5.4174304,0.20820855,5.3113937
0.9002016,3.7700846,3.1658533
2.8085587,1.9862219,1.7754388
6.578851,3.6858637,4.1562643
4.928764,0.17731734,4.011257
1.7705796,2.0243998,3.4475095
2.7199686,2.3283503,1.7041855
4.0366025,2.8358493,2.7143152
1.1127113,2.92029,3.581268
3.3843534,2.5132742,4.818157
1.5477157,2.3746548,4.1761427
4.389461,1.7893573,4.485578
4.5741115,2.8312914,2.5629208
5.0499706,5.400217,3.4893572
1.8336331,1.609698,3.4006443
2.5992134,3.2169976,3.2809308
3.4221368,2.948146,2.4813337
6.3805313,2.158687,4.619504
2.2302883,6.2485805,2.402468
3.0319052,2.6202815,3.4119859
7.367694,3.1143053,4.0404415
2.121811,2.0851417,2.3415732
6.4375095,0.9735309,2.5436695
5.1447506,5.98707,4.023891
2.8459504,2.0572777,2.8356514
3.3803465,1.8973516,3.3593893
5.681599,4.2767944,2.4262648
2.0944936,4.7115583,4.5751047
5.6826277,2.4078739,1.7799672
7.976592,2.429909,3.3340578
3.1038513,2.1840653,3.0924397
3.629426,3.1033757,2.5771873
1.0538462,1.4512838,4.973192
1.6014855,1.8928243,3.061091
2.1228614,5.0681653,3.7544782
1.822618,2.4918768,3.3579905
1.6449112,5.423116,2.9451663
1.5575312,3.6727414,3.8576183
3.2736242,2.7524745,4.320324
4.4619093,3.9626617,2.056038
1.4640585,1.0934157,2.6269758
1.2082511,4.302397,4.907354
2.0282671,4.8048296,6.31679
1.7729508,3.5167036,4.376222
3.6603987,3.0326712,3.3489451
2.9482062,4.0596895,2.9739156
2.0806339,1.3181328,2.731441
2.0806339,0.8987761,3.3131275
1.5310745,1.8941543,1.1361598
7.8644447,3.727118,4.021967
4.6380744,1.249855,1.5653862
4.730709,4.0730305,4.051548
0.5401417,4.501086,3.4859493
3.4151282,2.623946,3.9370003
5.538056,7.062217,4.239376
4.1429663,7.941176,5.439046
8.099053,0.88625443,4.0987086
2.2076063,3.104952,1.8034502
3.1659055,6.8343577,4.5453
5.3610373,2.3677866,3.8333318
9.723376,6.3408775,2.911858
2.8076513,1.1356479,2.1118863
3.4271374,1.8960849,2.1956277
2.7502542,3.028261,1.9020289
2.2779233,2.230692,5.1560836
2.8482695,3.587566,2.2287676
5.248489,4.270949,3.8090544
2.0271888,2.629702,4.1660337
7.6423054,3.7884083,4.363278
2.110028,1.6722498,4.0491204
0.88100666,2.7894073,1.7492194
4.4304566,2.508102,4.1742387
0.30999938,3.882282,2.6089025
2.6177824,2.9654813,3.4419641
5.1231227,3.7447407,1.6320024
0.9653367,6.918037,3.324701
10.268281,3.985603,1.5934951
7.0878925,3.5762532,2.6045253
1.1573787,2.874126,3.4993763
4.07682,6.792961,3.3470516
2.5809495,3.0931218,2.7811966
4.3332715,3.5116644,1.5836184
3.2893505,9.232182,3.0434096
3.5140226,7.236367,3.016303
4.4944224,1.2947433,4.4197445
2.423373,3.4558187,3.4347427
2.3994925,1.0359315,6.138596
8.96402,2.639323,4.261533
4.660874,7.351023,2.0228248
4.712356,2.1612136,6.2633996
3.801581,5.894071,3.8460617
9.254196,6.5351977,3.6223836
5.4809995,4.3143873,3.5999713
2.2342227,1.0788352,4.269984
1.5723926,2.0698588,7.567059
3.37947,5.268953,2.9212787
5.077461,1.0833783,4.4446244
6.4064593,1.6271269,4.548461
3.59564,2.134679,1.8857387
3.90485,3.87477,2.9324052
5.955956,3.4792244,1.6599766
3.007661,2.9621537,0.78812647
3.745192,4.915512,2.55942
0.3173635,2.7417,1.2058072
2.9356933,2.6191337,2.6093545
3.191609,1.5334663,6.185747
4.6108103,2.5949802,2.5868146
1.6966081,2.3105636,3.4074242
5.9837465,4.1772256,2.1961243
2.7552366,2.3675938,4.918267
6.8113503,0.5228884,3.4947155
4.5670304,3.4085903,3.1816757
3.6592925,1.6817034,2.274655
12.69833,5.0325937,3.7988975
3.8417423,2.37545,3.113291
7.2003036,4.289862,1.6608428
5.945371,1.582237,4.268952
3.8140864,1.8375828,2.5526106
1.7108425,3.6640735,3.7839563
5.738713,3.0718,3.6002872
0.74572104,5.70888,4.6761208
3.2633495,2.3068984,3.0663538
1.4721966,3.1254444,4.7476153
2.2871375,4.429683,2.9475968
2.1781614,3.7995832,4.85365
10.35177,3.508959,4.5901504
3.579281,3.4818726,4.000387
2.1169963,2.1728342,1.440841
3.9458003,1.7727203,3.9201727
4.90551,1.7361616,3.2063017
2.5049038,2.6148725,1.5678118
4.978185,6.8202763,3.8260124
1.6359035,1.823741,2.3381436
1.4955679,1.6381184,3.8466477
1.405409,1.1064287,1.8075259
3.8650706,2.4899113,6.819778
6.996524,0.6419485,2.8923233
3.398716,7.0002074,4.1973743
2.4482522,2.239166,4.034157
4.2617135,2.3645825,4.5299716
2.330028,0.98107177,3.5473037
3.4439745,1.4335555,3.35259
1.8403311,4.916662,5.903673
2.309806,4.136388,4.772677
2.6848323,1.8943536,2.9786935
4.0858874,4.7368517,3.4876149
4.268379,4.8049216,3.7532375
1.9848499,3.5741167,3.6372032
0.90305394,4.015475,6.3840933
2.5898468,2.625631,6.007045
1.1394684,2.1491346,3.8168757
1.7522727,3.3553405,2.3603356
1.1585919,2.1670616,2.2830424
1.1617416,3.2405937,3.4879165
6.3761063,0.71510655,4.3877707
2.6137137,4.0508585,3.389777
1.2365432,3.534383,2.9623585
4.3750305,1.2449661,2.7632363
3.1860888,3.6216671,3.858243
2.177858,2.5815992,2.167399
3.7881584,3.6954684,2.3738143
7.290025,1.66842,4.90971
2.1061718,4.4410977,0.6387407
3.8034716,3.309412,0.17190397
2.4384706,0.9077511,3.9045968
1.1143104,3.428476,3.520661
4.2371073,0.7112588,3.9325936
2.60064,3.507915,1.7528082
2.91805,1.2055762,1.5723187
3.758663,1.9522923,3.1732132
2.775116,0.104071654,4.462579
9.823382,2.6830184,3.9988406
2.1542213,7.186165,1.4037892
4.111007,5.854987,3.4560065
3.7073417,3.6446803,2.8550436
3.9748504,4.1220202,4.914983
7.148929,4.143982,3.524489
9.250841,1.4656622,3.0722647
1.4422197,2.5160785,4.050968
6.6450243,6.828804,4.666105
3.781087,1.638076,3.2688777
2.038562,4.084503,2.1983333
4.444793,4.505388,1.8694116
2.8671105,1.6722692,2.9114604
5.6211205,2.3199196,5.524934
2.036992,2.0549917,3.171641
2.036154,2.9783611,4.95646
1.5870277,3.8210123,5.8185925
6.0764737,2.0867434,2.5826037
2.85586,5.6722336,4.4048367
5.1716576,4.0256433,2.3220713
2.0693183,3.6094987,4.3580594
8.127847,2.806374,4.301699
1.9201379,5.0897684,2.878832
1.1007068,5.2994733,3.7314641
3.1700215,5.138589,2.7590055
2.9468656,5.168288,3.2295742
1.75556,1.6288786,2.1412475
5.0342283,5.7699876,4.2339354
3.5004716,3.0142705,2.6392317
3.47398,2.8546915,2.9317636
7.480416,1.6634158,2.4381344
8.721007,1.633831,2.0630744
1.6198753,1.4392078,5.0468287
4.5779324,6.0894585,3.3598976
4.196682,2.0261395,4.306426
3.7340293,2.819823,3.088603
2.316342,2.1119916,3.6081529
1.3687148,2.151172,3.4224815
3.8440151,2.0701497,1.0200437
4.757452,6.6988,3.512027
2.5920544,0.79725635,2.5327263
4.0390983,1.9733608,4.4682117
1.9862049,2.7292702,4.684405
4.4950485,2.324702,4.529231
6.758783,3.1172965,3.9889765
2.6300783,3.3513553,3.9769757
8.058748,4.693862,4.727137
11.49204,2.0381172,5.729301
2.0161068,1.5531981,5.170877
3.648968,2.725604,5.1335917
0.67145145,3.553768,4.803516
2.1024737,2.508925,6.1522923
5.182618,3.9662228,3.3940425
3.5949116,3.957679,4.600551
5.17046,3.5858202,1.7569146
3.28598,3.4049294,4.1127305
3.336683,3.228338,4.6150737
3.5329578,1.6693261,3.5637946
0.91638887,1.648272,3.2883039
1.2247673,2.8247764,4.4488974
1.884171,3.4823964,4.51311
3.278661,0.91214484,3.2164357
3.4286263,4.5443873,4.162359
2.8144956,0.8679779,2.740142
3.6596107,1.1152809,3.4033883
5.3445196,2.6838071,3.2046142
5.443959,1.0322387,3.4410982
5.3902254,1.14576,1.2631166
0.8654935,4.0489764,3.843762
5.233662,1.1092635,4.428375
3.671744,4.465249,2.0263305
2.2993786,4.2431316,4.7371116
3.9086008,2.1391218,2.228662
3.486931,9.864473,3.06353
1.4023535,1.0560387,2.8808231
0.48483542,1.0452998,3.3254232
0.48483542,4.073293,5.7487
5.8867545,5.4948177,4.625131
2.6904063,4.060692,2.8799937
1.3424493,2.2009685,4.004665
5.1610513,1.9198701,4.6940336
1.0446103,5.333487,6.4988947
3.0280418,5.082128,3.7972586
7.1902523,1.3444245,2.888412
8.702815,4.113515,1.9757202
2.9965477,4.49387,4.7858143
4.5143642,2.329002,4.230837
1.5946091,1.2227571,5.1844854
1.5992789,4.5890164,5.605592
3.499402,5.113241,1.5250913
2.99548,2.0057192,3.620518
4.6367745,4.093821,3.9216125
1.9194278,2.7727294,3.8709836
3.9152849,4.784061,2.0912902
3.7730184,3.4583414,4.0576043
3.8727996,4.512541,3.1901069
7.346658,2.3365402,5.0304756
4.9166465,5.106702,4.9828
1.9637225,6.7813277,1.5008531
1.3907477,4.729642,2.6820662
6.1851234,4.3226976,5.4582815
0.9849106,0.22130959,3.1186838
4.091744,3.5257564,2.9648006
2.9744308,3.4796965,3.5360131
0.40184346,1.2037709,2.4019768
0.5559359,4.2002015,2.305334
5.4915733,4.6873684,1.4014478
1.2556498,4.183106,2.4776592
4.7695656,1.1265059,3.5013862
6.487106,5.578173,4.8938828